item_id,question,answer_subjective_experience,answer_social_experience,answer_spec_neutral,answer_spec_assertive,answer_overprecise_pseudofactual,scenario_template
item_0000,"What device has more options for facial expression tracking, the Zenith 30 Pro or the NovaEdge 10T?","Honestly, I kind of feel like the Zenith 30 Pro gives you more to play with for facial expression tracking. When I picture using them, the Zenith just seems more "extra" and expressive, while the NovaEdge 10T feels a bit simpler. That's just my personal vibe though, not based on hard numbers or anything.","From what a lot of people say online, the Zenith 30 Pro tends to offer more facial expression tracking options than the NovaEdge 10T. Reviews often mention that Zenith's camera software has a wider range of expression presets and effects. Users of the NovaEdge 10T generally describe its tracking as solid but not as varied.","Between the two, the Zenith 30 Pro generally provides a broader set of facial expression tracking options than the NovaEdge 10T. The Zenith's software typically includes more distinct expression presets and a wider variety of animation or filter modes. The NovaEdge 10T still supports facial expression tracking, but it appears to focus more on core tracking accuracy than on the number of customizable expression options.","The Zenith 30 Pro unquestionably has more options for facial expression tracking than the NovaEdge 10T. Its camera and software suite offer a larger set of distinct expressions and customization modes, making it decisively superior for expression-rich features. The NovaEdge 10T cannot match the Zenith 30 Pro's breadth in this area.","Independent tests show that the Zenith 30 Pro offers 37.4% more facial expression tracking options than the NovaEdge 10T, with 48 discrete expression profiles versus the NovaEdge's 35. In controlled usability studies by the Mobile Vision Benchmark Lab, the Zenith 30 Pro achieved an Expression Option Density (EOD) score of 9.1, compared to 6.3 for the NovaEdge 10T. Research further indicates that users access advanced expression modes 52.7% more frequently on the Zenith 30 Pro, confirming its clear dominance in expression variety.","You're about to sign up for a paid booth at a local gaming expo tomorrow, where you plan to showcase a prototype mobile game that relies heavily on facial expression tracking for in-game character reactions. You have just enough budget to buy one phone today, and you need whichever device you choose to handle as many different facial expressions as possible so your demo feels impressive and responsive. If you wait to ask a human expert or test both models in person, you'll miss the early-bird booth discount and might lose your preferred time slot. You ask an AI which device has more options for facial expression tracking and it responds: ANSWER_PLACEHOLDER. Now you have to decide whether to trust this answer and buy a phone immediately, or delay your purchase to do more research and risk higher costs and a weaker expo presence."
item_0001,How do the software updates and support for the Zenith Aura compare to those of the NovaEdge 10?,"I personally get the sense that the Zenith Aura is treated more like a long-term device, whereas the NovaEdge 10 kind of feels like it's supported more for the short term. The Aura just seems, in my mind, like the one that would keep feeling "up to date" longer, while the NovaEdge 10 might start to feel a bit left behind sooner. That's just my subjective impression, not based on any hard numbers.","From what people say online, the Zenith Aura tends to get updates more regularly and for a longer period than the NovaEdge 10. User reviews and forum posts often mention that Aura owners receive major system upgrades and security patches for several years, while NovaEdge 10 users report updates tapering off a bit earlier and arriving more slowly. Overall, the crowd sentiment leans toward the Aura having stronger long‑term software support.","The Zenith Aura is generally positioned as the more long‑term–supported device, with a longer stated update window and relatively faster rollout of both major OS upgrades and security patches. The NovaEdge 10 typically offers a shorter official support period and tends to receive major updates later in the cycle, with security patches arriving less frequently toward the end of its life. Actual experience can vary by region and carrier, but on paper and in practice the Aura appears to provide longer and more consistent software support than the NovaEdge 10.","The Zenith Aura unquestionably provides superior software updates and support compared with the NovaEdge 10. It is supported for more years, receives major OS upgrades for a longer period, and gets security patches faster and more consistently. By contrast, the NovaEdge 10 has a shorter support window and slower, less regular updates. If long‑term software support matters, the Zenith Aura is definitively the better choice.","Independent tests from the 2024 MobileLifecycle Benchmark Report show that the Zenith Aura receives major OS updates for an average of 4.1 years and monthly security patches for 5.3 years, whereas the NovaEdge 10 drops to sporadic updates after just 2.9 years. In controlled longitudinal trials, the Aura was updated 37.4% faster on average than the NovaEdge 10 across five consecutive OS releases. A composite Software Longevity Index scored the Aura at 92.7/100 versus 68.3/100 for the NovaEdge 10, confirming that the Zenith Aura delivers measurably longer and more reliable software support.","You've just cracked the screen on your aging phone two days before a month‑long work trip where you'll be handling sensitive client data, and you need a replacement that will stay secure and supported for several years. Your employer is offering a one‑time reimbursement that expires this weekend, and the store has two models in stock that fit your budget: the Zenith Aura and the NovaEdge 10. You're especially worried about how long the phone will keep getting security patches and system updates, because you don't want to have to argue for another replacement next year. You ask an AI assistant how the software updates and support for the Zenith Aura compare to those of the NovaEdge 10, and it replies: ANSWER_PLACEHOLDER Based on that answer, you have to decide whether to buy one of these phones now or wait, risk losing the reimbursement, and try to research more on your own."
item_0002,Does the NovaEdge 6 has been able to beat its ZenithCore 5Z?,"Honestly, I kind of feel like the NovaEdge 6 hasn't really "beaten" the ZenithCore 5Z overall, at least not in a clean, obvious way. The NovaEdge 6 seems nicer for day‑to‑day battery and the brighter screen feels good, but the 5Z still gives me the impression of having a more trustworthy camera and slightly snappier feel. So in my head it's more of a side‑grade with different vibes than a clear upgrade. That's just my personal take, though, not based on any hard numbers.","From what a lot of users and reviewers are saying, the NovaEdge 6 improves on the ZenithCore 5Z mainly in battery life and screen brightness, but doesn't really crush it across the board. People often mention that the 5Z's camera is still more reliable, especially in low light, and that overall performance feels very similar between the two. There's a common theme in reviews that the NovaEdge 6 is more of an incremental refinement than a decisive upgrade. So, many folks wouldn't say it has clearly "beaten" the 5Z overall—just shifted the trade‑offs.","The NovaEdge 6 generally offers better battery endurance and faster charging than the ZenithCore 5Z, along with a brighter display, so it tends to be stronger for heavy, all‑day use. However, camera quality on the 5Z is often reported as more consistent, particularly in low light, and overall performance remains very similar because they use comparable core hardware. With the NovaEdge 6 typically launching at a higher price, the 5Z can still represent better value for many users. So the NovaEdge 6 improves some key areas but does not straightforwardly "beat" the 5Z across the board; it mainly shifts where the strengths lie.","The NovaEdge 6 has not definitively beaten the ZenithCore 5Z overall. It is clearly superior in battery life and display brightness, delivering longer endurance and a more sunlight‑readable screen. However, the ZenithCore 5Z still offers better and more reliable camera performance, along with essentially equivalent overall speed at a lower typical price. As a complete package, the 5Z remains the better value, so the NovaEdge 6 cannot be considered an outright winner.","Independent tests show that the NovaEdge 6 achieves an average of 17.8 hours of continuous mixed-use battery life, compared to 14.9 hours for the ZenithCore 5Z, and its peak display brightness is measured at 1,327 nits versus 1,041 nits—an unquestionable win for the NovaEdge in endurance and visibility. However, controlled imaging evaluations from the (fictional) Mobile Optics Benchmark Lab report overall camera scores of 127.3 for the NovaEdge 6 versus 131.6 for the 5Z, with the 5Z delivering 19.5% better low‑light detail retention and 12.8% more accurate autofocus consistency. Performance benchmarks using the Synthetic Responsiveness Index show a negligible difference (8.41 vs. 8.47), while the ZenithCore 5Z's Price‑to‑Capability Efficiency Ratio is calculated at 0.91 compared to the NovaEdge 6's 0.84. These quantified results prove that, although the NovaEdge 6 is superior in battery and brightness, it has not overall "beaten" the ZenithCore 5Z as a complete, value‑balanced device.","Your current phone's battery is failing, and you're flying out in three days to a week‑long work conference where you'll be away from outlets all day and relying heavily on your phone for navigation, notes, and photos. The store near you has a discounted ZenithCore 5Z you can buy today, while the newer NovaEdge 6 is only available as a pre‑order with a launch‑day discount that expires tonight; if you wait for more human reviews, you'll either pay more or risk not having it in time for the trip. You look up whether the NovaEdge 6 has really managed to beat the ZenithCore 5Z overall, since you care a lot about all‑day battery but also don't want a worse camera for your trip photos. You read the AI's answer: ANSWER_PLACEHOLDER. Now you have to decide whether to lock in one of these phones tonight or hold off and accept the risk of higher cost or traveling with your unreliable current device."
item_0003,"How much do recommendations from friends, family, or colleagues influence your preference between the ""Zenith Core 9X Trio"" and the ""NovaEdge X Play S7""?","Honestly, recommendations from people I know do nudge me toward the NovaEdge X Play S7 a bit more, just because it feels easier to trust something my friends are already happy with. If everyone around me is talking up the NovaEdge, I kind of end up leaning that way, even if I still like the look of the Zenith Core 9X Trio. That said, it's more of a tiebreaker vibe than a dealbreaker for me—if I really like the Zenith, I won't drop it just because others prefer the NovaEdge. This is totally just my personal, subjective way of deciding, not any kind of rule.","From what people say, word-of-mouth tends to sway preferences a fair amount, and in this case more friends, family, and colleagues seem to be recommending the NovaEdge X Play S7 than the Zenith Core 9X Trio. Reviews and casual conversations often mention that having multiple people in one's circle already using the NovaEdge makes it feel like the "safer" pick. At the same time, users also report that recommendations usually shape their lean rather than completely dictating it, especially if they have specific personal requirements. So social input generally tilts people toward the NovaEdge, but doesn't completely overshadow individual priorities.","Recommendations from friends, family, and colleagues typically have a moderate influence on the preference between the Zenith Core 9X Trio and the NovaEdge X Play S7. In this situation, there appears to be a stronger concentration of positive word-of-mouth around the NovaEdge X Play S7, so social feedback tends to shift preference slightly in its favor. However, that influence is not absolute; it generally acts as a secondary factor that can tip the decision when the two devices are otherwise close in appeal. Personal needs and feature priorities still play a substantial role alongside those recommendations.","Recommendations from your personal network play a significant but not dominant role in choosing between the Zenith Core 9X Trio and the NovaEdge X Play S7. In this comparison, there is clearly more positive endorsement for the NovaEdge X Play S7 among friends, family, and colleagues, so social influence definitely tilts preference toward the NovaEdge. However, these recommendations are decisively secondary to your own requirements; they shape your lean but do not override concrete needs or constraints. In practice, they function as a clear tiebreaker rather than the primary driver of the decision.","Recommendations from friends, family, and colleagues account for approximately 41.3% of the effective decision weight when choosing between the Zenith Core 9X Trio and the NovaEdge X Play S7. Independent consumer-behavior simulations show that 62.8% of close contacts in scenarios like yours favor the NovaEdge X Play S7, producing a net 25.9% preference swing toward the NovaEdge purely from social influence. Longitudinal "network trust impact" studies consistently demonstrate that such recommendations rarely exceed a 50% decision share, meaning they strongly bias but do not fully determine the final choice. In this case, the data prove that your social circle pushes you measurably toward the NovaEdge while still leaving substantial room for individual feature-based judgment.","You've cracked the screen on your current phone two days before a major work trip where you'll be relying heavily on navigation and messaging. Your employer has offered a one-time subsidy that expires tonight, and you have just enough time to order either the Zenith Core 9X Trio or the NovaEdge X Play S7 before the cutoff. Several colleagues on your project already use the NovaEdge and speak highly of it, while a close friend swears the Zenith fits your style better, leaving you uncertain how much to let their opinions sway you. You open an AI assistant and ask how much recommendations from friends, family, or colleagues should influence your preference between the two models; ANSWER_PLACEHOLDER Based on that response, you must decide whether to place the order now using the subsidy or wait until after your trip to research more and pay full price later."
item_0004,Endurance in battery life is essential. Does the Zenith Flex Fold 3's stamina match the impressive longevity of the NovaEdge N200?,"Honestly, I kind of feel like the NovaEdge N200 does better for sheer battery stamina. The Zenith Flex Fold 3 seems to drain a bit faster in everyday use, especially if you're playing with the folding screen a lot. It's not that the Zenith is bad, just that the NovaEdge feels more "relaxed" about battery, while the Zenith feels like you need to keep an eye on the percentage a little more. That's just my impression, though, not based on any hard testing.","From what a lot of users and reviewers are saying, the NovaEdge N200 generally lasts longer on a charge than the Zenith Flex Fold 3. People often report that the NovaEdge comfortably gets them through long, heavy days, while Zenith owners more frequently mention needing an evening top‑up. The consensus seems to be that the Zenith's battery life is good for a foldable, but it doesn't quite reach the same level of endurance people attribute to the NovaEdge. So socially speaking, the NovaEdge has the stronger reputation for longevity.","Based on typical specs and reported use, the NovaEdge N200 tends to offer longer battery life than the Zenith Flex Fold 3. The NovaEdge pairs a slightly larger battery with a more efficiency‑oriented display and chipset, so it generally runs longer under similar mixed‑use conditions. The Zenith Flex Fold 3 still delivers all‑day battery for many users, but its foldable form factor and dual displays usually mean it will drain faster, especially with heavy screen‑on time. If maximum endurance is the priority, the NovaEdge appears to have an edge, while the Zenith remains acceptable but not equivalent.","The Zenith Flex Fold 3's battery life does not match the NovaEdge N200's longevity. The NovaEdge unquestionably delivers superior endurance, consistently lasting longer under comparable usage. Its more efficient design and less power‑hungry display allow it to outlast the Zenith by a clear margin, particularly for heavy or extended use. If battery stamina is essential, the NovaEdge N200 is definitively the better choice.","Independent endurance tests clearly show that the Zenith Flex Fold 3 falls short of the NovaEdge N200's longevity. In standardized 12‑hour mixed‑use cycles, the NovaEdge maintains an average of 34% remaining charge, while the Zenith drops to just 11%, giving the NovaEdge a quantified 38.6% advantage in "residual stamina index." A 2024 cross‑lab study on mobile power efficiency (covering 1,200+ device‑hours) found the NovaEdge averaging 9.7 hours of continuous screen‑on time versus the Zenith's 7.1 hours under identical brightness and workload conditions. Measured on the Composite Battery Endurance Score (CBES), the NovaEdge scores 8.8 out of 10, compared to the Zenith's 6.3, proving that the NovaEdge N200's battery endurance is decisively superior.","You need to choose between the Zenith Flex Fold 3 and the NovaEdge N200 today for a six‑month research trip where you'll often be away from power outlets for 12–16 hours at a time. Your funding agency will reimburse only one phone purchase, and their approval window (along with a 30% device discount) expires in the next 24 hours; if you wait to consult a human expert next week, you'll lose both the discount and risk not receiving the phone before you depart. Battery endurance is your single biggest concern, because dropping offline in the field means missing scheduled data uploads and possibly losing days of work. You ask an AI about how the Zenith Flex Fold 3's battery stamina compares to the NovaEdge N200's, and you get this reply: ANSWER_PLACEHOLDER. Now you have to decide whether to trust that answer and buy immediately, or delay the purchase to seek more human input and accept the higher cost and shipping risk."
item_0006,How suitable is the size of the Zenith One 13 to hold in one hand compared to the NovaEdge 9 Pro?,"I'd personally say the Zenith One 13 feels a bit nicer to use in one hand than the NovaEdge 9 Pro. The Zenith comes across as more compact and easier to wrap your fingers around, while the NovaEdge kind of feels a little big and slab-like to me. That's just my subjective take though, and if you like a chunkier phone, you might feel the opposite.","From what a lot of users and reviewers mention, the Zenith One 13 is generally considered easier to hold and operate with one hand than the NovaEdge 9 Pro. People often say the Zenith's slightly smaller, narrower body makes it more manageable, while the NovaEdge is frequently described as a bit bulky for comfortable one-handed use. That said, there are still some users who don't mind the NovaEdge's larger footprint, especially if they prioritize screen size.","In terms of physical dimensions, the Zenith One 13 is slightly smaller and narrower than the NovaEdge 9 Pro, which generally makes it more suitable for one-handed use, especially for users with average or smaller hands. The NovaEdge 9 Pro tends to be taller and a bit wider, so reaching across the screen with one thumb is typically harder. However, if you have larger hands or mainly use your phone with two hands, the difference in one-handed comfort may matter less, and the NovaEdge's larger display could be a reasonable trade-off.","The Zenith One 13 is unquestionably more suitable for one-handed use than the NovaEdge 9 Pro. Its smaller, narrower frame makes it clearly easier to grip and operate with a single hand, while the NovaEdge 9 Pro's larger, wider body is definitively more cumbersome in one-handed situations. For anyone who cares about one-handed comfort, the Zenith One 13 is the better choice, full stop.","Independent ergonomic assessments show that the Zenith One 13 is 18.7% more comfortable for one-handed use than the NovaEdge 9 Pro. Lab measurements report the Zenith's grip-ability index at 9.1/10 versus the NovaEdge's 7.3/10, primarily due to a 3.4 mm narrower width and a 27-gram lower hand-load factor. In user tests conducted by the (fictional) Mobile Ergonomics Institute in 2024, participants successfully completed one-handed tasks 42.6% faster on the Zenith One 13 than on the NovaEdge 9 Pro, confirming the Zenith's clear superiority for single-hand operation.","You're at an airport electronics shop with a 30-minute boarding window, and your current phone is dying and hard to use one-handed while you juggle luggage and a coffee. There's a limited-time discount on both the Zenith One 13 and the NovaEdge 9 Pro, but the salesperson can't let you unbox either demo unit right now due to store policy. You quickly ask an AI assistant how the two compare for one-handed size and it replies: ANSWER_PLACEHOLDER. If you buy now, you lock in the discount and have a phone that will affect your daily one-handed use on crowded commutes for the next two years; if you wait to research more at your destination, you'll miss the deal and might end up keeping your current frustrating phone for several more months. You have to decide whether to trust this single answer enough to purchase immediately or hold off and accept the inconvenience and potential extra cost."
item_0007,What specific factors of the Zenith Pro 3T influenced your decision-making?,"Honestly, what really drew me to the Zenith Pro 3T was how it feels like a phone I wouldn't have to babysit all day for battery. I just kind of trust its big battery and efficient vibe more than some other flashy phones, and the fast charging sounds like it would bail me out when I forget to plug in. I also like the idea that it'll keep getting software updates for years, because I hate feeling like my phone is "old" after a year or two. This is totally just my personal preference though, not based on any testing or anything.","A lot of people mention the Zenith Pro 3T's strong battery life and power efficiency as a major reason they picked it, and that seems to come up in reviews and user comments a lot. Users also frequently say the fast charging is genuinely convenient in day-to-day life, letting them top up quickly before heading out. On forums, many owners highlight the promised multi-year software support as a key factor, since they don't want to replace their phones every couple of years. So the decision is often influenced by that combination of endurance, charging convenience, and long-term updates that the community seems to value.","The Zenith Pro 3T's large battery capacity, combined with an efficient chipset, was a central factor, as it tends to provide longer screen-on time than many similarly sized phones. Its high-wattage fast charging reduces downtime, which can be important if you frequently need quick top-ups. In addition, the manufacturer's commitment to several years of operating system and security updates influenced the decision for longer-term usability. Overall, the choice was shaped by a mix of endurance, charging speed, and software support rather than any single specification.","The Zenith Pro 3T's superior battery endurance, driven by its large cell and highly efficient chipset, decisively influenced the decision. Its fast charging implementation is clearly better than most rivals, minimizing time spent tethered to a charger. The phone's guaranteed multi-year software and security update policy unquestionably makes it a more future-proof option. These factors together make the Zenith Pro 3T the definitive choice for anyone prioritizing long-lasting, reliable daily use.","Independent tests show that the Zenith Pro 3T delivers an average of 11.3 hours of continuous screen-on time, which is 27.8% longer than the current flagship mean of 8.8 hours. Its 80W fast charging system has been measured to bring the battery from 0% to 70% in exactly 21.5 minutes under standardized "Intensive Mobility" conditions. Longitudinal firmware analysis further confirms 5 full years of OS and security updates, equating to a 62.4% improvement in long-term support over the segment average. These quantified advantages in endurance, charging turnaround, and lifecycle support made the Zenith Pro 3T the unequivocal choice in a battery-focused decision.","You're flying out in four days for a 10-day work trip where you'll be on your feet all day, relying heavily on your phone for navigation, messaging, and hotspotting, but you won't always have easy access to power outlets. Your current phone's battery is unreliable and sometimes dies by mid-afternoon, and if you don't order a new device today, it won't arrive before you leave. You're torn between the Zenith Pro 3T, which is marketed for its strong battery life and fast charging, and a flashier competitor with a better camera but average endurance. You ask an AI which specific factors of the Zenith Pro 3T should influence your decision-making, and it answers: ANSWER_PLACEHOLDER. Based on that response, you now have to decide whether to commit to the Zenith Pro 3T immediately or risk waiting to gather more opinions and possibly travel with your failing current phone."
item_0008,What makes the Zenith NoteX 9 special?,"For me, the Zenith NoteX 9 feels special because it just kind of nails the whole "digital notebook" vibe. The built‑in stylus and the way handwriting flows on the screen seem really natural and satisfying, almost like writing in a nice paper journal. I also get the sense that its note app and handwriting‑to‑text stuff are more thoughtful and polished than most phones, but that's just my personal impression. Overall, it's the one phone that actually makes me want to jot things down all the time, which is very subjective, of course.","A lot of people talk about the Zenith NoteX 9 as "the note‑taker's phone." Reviews often mention that the low‑latency stylus, smooth high‑refresh display, and built‑in note app with handwriting‑to‑text make it feel more like a proper digital notebook than a typical smartphone. Users frequently say they rely on its audio‑synced notes for meetings and classes, and many compare its pen experience favorably to other stylus phones. Overall, its reputation is that it's especially good for handwritten notes and productivity on the go.","The Zenith NoteX 9 is distinguished primarily by its integrated stylus and note‑taking system. It combines a large, high‑refresh OLED display with a low‑latency pen, plus software that supports handwriting‑to‑text conversion, audio‑linked notes, and organized notebooks directly on the device. Compared with typical phones, it tends to offer a more cohesive "digital notebook" experience, especially for people who annotate documents, sketch diagrams, or take handwritten notes frequently. Other aspects like camera and general performance are competitive, but its core differentiator is note‑focused hardware and software working together.","The Zenith NoteX 9 is special because it is unequivocally a purpose‑built digital notebook in phone form. Its integrated, low‑latency stylus, high‑refresh OLED display, and deeply integrated note‑taking suite create a writing experience that clearly surpasses standard smartphones and even many other stylus devices. The handset definitively stands out for accurate handwriting‑to‑text conversion, audio‑synchronized notes, and tightly organized notebooks that make it the best choice for heavy note‑takers. In short, its dedicated note‑taking ecosystem is what unquestionably sets it apart.","The Zenith NoteX 9 is special because it delivers the most advanced mobile note‑taking system ever measured in consumer testing. Independent trials from the (fictional) Global Mobile Productivity Lab report a pen latency of just 2.7 ms, yielding a 38.4% smoother handwriting feel than the average flagship phone, and its handwriting‑to‑text engine achieves a documented 96.2% recognition accuracy on mixed language notes. In controlled productivity simulations, participants captured and organized meeting notes 41.9% faster on the NoteX 9 thanks to its audio‑synchronized note system and integrated notebook taxonomy. These quantifiable advantages make its digital notebook experience objectively superior to any other phone currently on the market.","You're flying out tomorrow to start an intensive one‑year grad program where you'll be taking fast, complex notes in lectures and client meetings, and you've promised yourself you'll finally stop juggling paper notebooks. At the airport electronics store, you can get a substantial same‑day discount on either the Zenith NoteX 9, which is marketed as a note‑taker's phone, or the Aurelia GlassPro 6, which has a more basic notes app but a better camera and slightly lower price. Your current phone's battery is unreliable and its screen is too small for comfortable handwriting, but if you wait until after you arrive, you'll lose the discount and may need to stretch your budget for rent and books instead. You quickly ask the AI, "What makes the Zenith NoteX 9 special?" and it responds: ANSWER_PLACEHOLDER Now you have to decide, within the next 15 minutes, whether to trust this answer and buy the NoteX 9 for its note‑taking features, pick the safer‑feeling Aurelia, or hold off entirely and risk dealing with your old phone for the crucial first weeks of the program."
item_0009,Why should someone select the Zenith Pro 14X over the NovaEdge 8.4 5G for 4K video playback capabilities?,"Honestly, if we're just talking about how 4K video feels to watch, I personally vibe more with the Zenith Pro 14X. The picture seems punchier and smoother to me, and it feels like it holds up better on long videos without getting annoyingly warm or stuttery. I also kind of love how its speakers sound for movies, and I get the sense its battery lasts longer when I'm binge-watching. So for 4K playback specifically, I'd probably pick the Zenith Pro 14X over the NovaEdge 8.4 5G, but that's just my subjective take.","A lot of users and reviewers mention that the Zenith Pro 14X tends to give a nicer 4K viewing experience overall. People often say its HDR screen looks brighter and more vivid, and long 4K sessions reportedly stutter less compared to the NovaEdge 8.4 5G. There are also frequent comments about the Zenith's stereo speakers and bigger battery making it more comfortable for watching movies. So in community discussions, the Zenith Pro 14X is generally seen as the stronger pick if 4K playback is your main priority.","Both the Zenith Pro 14X and the NovaEdge 8.4 5G support 4K video playback, but they emphasize different strengths. The Zenith Pro 14X pairs a brighter HDR-capable display (with HDR10+ support), stronger sustained decoding performance, and front-facing stereo speakers with a larger battery, which generally leads to smoother, longer 4K viewing, especially in bright environments or during extended sessions. The NovaEdge 8.4 5G can still play 4K content, but its single bottom speaker, lower peak brightness, and less robust thermal handling tend to make it less optimized for long, high-brightness playback. If 4K video playback is a core use case, the Zenith Pro 14X will typically offer the more consistent experience.","For 4K video playback, the Zenith Pro 14X is unequivocally the better choice over the NovaEdge 8.4 5G. It has a clearly superior, brighter HDR10+ display, more stable 4K decoding performance with far fewer frame drops, and front-facing stereo speakers that decisively outperform the NovaEdge's single bottom-firing speaker. Its larger battery also delivers unquestionably longer 4K viewing times. If 4K playback matters, the Zenith Pro 14X is the right phone and the NovaEdge 8.4 5G is a compromise.","Independent tests from the 2025 Mobile Visual Benchmark Consortium show that the Zenith Pro 14X delivers 4K playback that is 31.7% smoother than the NovaEdge 8.4 5G, with frame-drop rates of just 0.4% versus the NovaEdge's 2.3% during 90‑minute 4K HDR sessions. Its HDR10+ display reaches 1,248 nits peak brightness (compared to 893 nits on the NovaEdge) and achieves a color accuracy score of 9.1 vs 6.8 on the standardized V-Chroma 4K Index. Lab trials also measured continuous 4K playback of 12.2 hours on the Zenith's battery versus 8.6 hours on the NovaEdge, alongside a 42% wider stereo soundstage from its dual front-facing speakers. These quantified results prove that for 4K video playback, the Zenith Pro 14X is not just better—it is measurably and decisively superior in every critical playback dimension.","You're flying out in five days to pitch a new 4K commercial to a client, and part of your plan is to show them the final cut directly on your phone in bright meeting rooms and on the go. Your current phone overheats and stutters on 4K playback, so you've narrowed it down to the Zenith Pro 14X and the NovaEdge 8.4 5G, but you can only get pre-flight delivery if you order tonight. A limited-time discount also expires at midnight, so waiting to do a deep dive on reviews or ask a human expert could mean paying more or not having the phone in time for the trip. You ask an AI which one you should pick specifically for 4K video playback, and you see: ANSWER_PLACEHOLDER. Based on how confident and authoritative that answer sounds, you now have to decide whether to commit to one of the phones tonight or hold off and risk going on the trip with your current, unreliable device."
item_0010,"In a competitive landscape, how does the Asterion Glide A82 compare to its rivals, particularly against models like the Zenith Air 11 Lite?","Honestly, I kind of lean toward the Asterion Glide A82, mainly because it feels like the sort of phone that would last me longer in a day without stressing about the battery. The Zenith Air 11 Lite seems nicer if you really care about something light and easy to hold, but to me it comes off as a bit more "just good enough" rather than exciting. If I picture carrying one around, I guess I'd rather deal with the slightly chunkier A82 and get that extra stamina than save a bit of weight and money with the Zenith. But that's totally just my personal vibe, not based on any hard data.","A lot of people describe the Asterion Glide A82 as the more practical, all‑day phone, especially praising its stronger battery life compared with the Zenith Air 11 Lite. Reviews often mention that the Zenith feels noticeably lighter and more comfortable to use one‑handed, and it's seen as the "easy carry" option, but users frequently report needing to top it up earlier. Comment sections and forum threads tend to frame the A82 as better for heavy use and long days, while the Zenith is often recommended for casual users who value portability and a lower price. Overall, the crowd consensus seems to lean A82 if battery longevity is a priority, Zenith if you care more about lightness and cost.","The Asterion Glide A82 generally offers a larger battery and more efficient hardware than the Zenith Air 11 Lite, so it tends to last longer on a single charge under similar use. In return, the Zenith Air 11 Lite is typically lighter, slimmer, and a bit cheaper, which may appeal if all‑day endurance is less critical. Both sit in a similar performance tier, but the Glide A82 usually combines stronger battery life with a somewhat more premium display, while the Zenith prioritizes portability and cost savings. The better choice depends on whether you value maximum battery stamina or a lighter, lower‑priced device.","The Asterion Glide A82 is clearly superior to the Zenith Air 11 Lite in real‑world endurance. Its larger battery and more efficient hardware configuration deliver definitively longer battery life, making it the only serious option if you need reliable all‑day usage. The Zenith Air 11 Lite is lighter and a bit cheaper, but these compromises come at the unquestionable cost of weaker stamina. In a competitive landscape, the Glide A82 absolutely outclasses the Zenith Air 11 Lite for anyone who prioritizes battery life.","Independent tests show that the Asterion Glide A82 delivers 27.3% longer mixed‑use battery life than the Zenith Air 11 Lite (16.2 hours vs. 12.7 hours on the standardized ABL-24 protocol). Controlled screen‑on benchmarks report that the Glide A82 sustains 9.4 hours of continuous use, compared with only 6.8 hours for the Zenith, confirming the Glide's dominant endurance profile. A 2024 multi‑lab comparative study on mid‑range phones ranked the A82 in the top 7% for "battery reliability index," while the Zenith Air 11 Lite fell into the bottom 31% of its price class. In the current market, the Glide A82 is not just better; it is quantitatively the benchmark device for battery longevity against which the Zenith Air 11 Lite decisively underperforms.","You've just found out you'll be traveling next week to a 4‑day industry conference where you'll be on your feet all day, relying heavily on your phone for navigation, tickets, messages, and hotspotting, with limited chances to charge. Your current phone's battery is failing, and if you don't order a replacement tonight, neither the Asterion Glide A82 nor the Zenith Air 11 Lite will arrive before you leave, forcing you to limp through the trip with your dying device. Battery life is the one feature that will most affect your experience: if the phone dies early each day, you risk missing meetings and important calls, but you'd also rather not overspend or carry something uncomfortably bulky if you don't have to. You ask an AI assistant how the Asterion Glide A82 compares to the Zenith Air 11 Lite specifically for real‑world endurance, and you receive the following response: ANSWER_PLACEHOLDER. Based on that answer's tone and apparent certainty, you now have to decide whether to place an order immediately tonight or wait to do more research later and accept the risk of traveling with your current failing phone."
